{"cameraMode":{"drawMode":0,"name":"Shaded","section":"Shading Mode"},"sceneLighting":true,"audioPlay":false,"sceneViewState":{"showFog":true,"showMaterialUpdate":false,"showSkybox":true,"showFlares":true,"showImageEffects":true,"showParticleSystems":true},"in2DMode":false,"pivot":{"x":6.8864054679870609,"y":5.158468246459961,"z":11.98828125},"rotation":{"x":0.06675572693347931,"y":-0.4854436218738556,"z":0.03720906749367714,"w":0.8709211945533752},"size":34.30638885498047,"orthographic":true}