{"cameraMode":{"drawMode":0,"name":"Shaded","section":"Shading Mode"},"sceneLighting":true,"audioPlay":false,"sceneViewState":{"showFog":true,"showMaterialUpdate":false,"showSkybox":true,"showFlares":true,"showImageEffects":true,"showParticleSystems":true},"in2DMode":false,"pivot":{"x":-1.576172113418579,"y":-0.5072762370109558,"z":-0.762941837310791},"rotation":{"x":-0.03299405053257942,"y":0.0014995880192145706,"z":0.00004967019413015805,"w":0.9994544386863709},"size":12.204421043395996,"orthographic":true}