{"cameraMode":{"drawMode":0,"name":"Shaded","section":"Shading Mode"},"sceneLighting":true,"audioPlay":false,"sceneViewState":{"showFog":true,"showMaterialUpdate":false,"showSkybox":true,"showFlares":true,"showImageEffects":true,"showParticleSystems":true},"in2DMode":false,"pivot":{"x":0.6165781021118164,"y":0.79483962059021,"z":-1.1006255149841309},"rotation":{"x":0.2251308113336563,"y":-0.20713169872760774,"z":0.04904509708285332,"w":0.9507929086685181},"size":7.450272560119629,"orthographic":false}