{"cameraMode":{"drawMode":0,"name":"Shaded","section":"Shading Mode"},"sceneLighting":true,"audioPlay":false,"sceneViewState":{"showFog":true,"showMaterialUpdate":false,"showSkybox":true,"showFlares":true,"showImageEffects":true,"showParticleSystems":true},"in2DMode":false,"pivot":{"x":1.3460958003997803,"y":1.214920997619629,"z":-0.2000001221895218},"rotation":{"x":0.03449287265539169,"y":0.00449726264923811,"z":-0.0001553025358589366,"w":0.9993948340415955},"size":9.843867301940918,"orthographic":true}