{"cameraMode":{"drawMode":0,"name":"Shaded","section":"Shading Mode"},"sceneLighting":true,"audioPlay":false,"sceneViewState":{"showFog":true,"showMaterialUpdate":false,"showSkybox":true,"showFlares":true,"showImageEffects":true,"showParticleSystems":true},"in2DMode":false,"pivot":{"x":1.3460988998413087,"y":1.214920997619629,"z":-0.04999732971191406},"rotation":{"x":-0.09734039008617401,"y":-0.010449953377246857,"z":-0.001022134441882372,"w":0.9951958060264587},"size":11.527134895324707,"orthographic":true}