{"cameraMode":{"drawMode":0,"name":"Shaded","section":"Shading Mode"},"sceneLighting":false,"audioPlay":false,"sceneViewState":{"showFog":true,"showMaterialUpdate":false,"showSkybox":true,"showFlares":true,"showImageEffects":true,"showParticleSystems":true},"in2DMode":false,"pivot":{"x":-0.4999983012676239,"y":-2.9802322387695315e-8,"z":-1.5399998426437379},"rotation":{"x":-0.2128436416387558,"y":-0.011724721640348435,"z":-0.0025542459916323425,"w":0.9770126342773438},"size":1.9839690923690797,"orthographic":true}