{"cameraMode":{"drawMode":0,"name":"Shaded","section":"Shading Mode"},"sceneLighting":true,"audioPlay":false,"sceneViewState":{"showFog":true,"showMaterialUpdate":false,"showSkybox":true,"showFlares":true,"showImageEffects":true,"showParticleSystems":true},"in2DMode":false,"pivot":{"x":1.9254179000854493,"y":-0.39505717158317568,"z":-4.010380744934082},"rotation":{"x":-0.038611460477113727,"y":-0.13894206285476685,"z":-0.005421697627753019,"w":0.9895327091217041},"size":12.296884536743164,"orthographic":true}