{"cameraMode":{"drawMode":0,"name":"Shaded","section":"Shading Mode"},"sceneLighting":true,"audioPlay":false,"sceneViewState":{"showFog":true,"showMaterialUpdate":false,"showSkybox":true,"showFlares":true,"showImageEffects":true,"showParticleSystems":true},"in2DMode":false,"pivot":{"x":0.2972666025161743,"y":0.44563448429107668,"z":0.05722391605377197},"rotation":{"x":-0.00897838082164526,"y":0.068942591547966,"z":0.0006204193341545761,"w":0.9975800514221191},"size":3.947089195251465,"orthographic":true}