{"cameraMode":{"drawMode":0,"name":"Shaded","section":"Shading Mode"},"sceneLighting":true,"audioPlay":false,"sceneViewState":{"showFog":true,"showMaterialUpdate":false,"showSkybox":true,"showFlares":true,"showImageEffects":true,"showParticleSystems":true},"in2DMode":false,"pivot":{"x":1.3460958003997803,"y":1.214920997619629,"z":-0.2000001221895218},"rotation":{"x":0.18307362496852876,"y":-0.063361257314682,"z":0.011824584566056729,"w":0.9809840321540833},"size":13.719952583312989,"orthographic":true}