{"cameraMode":{"drawMode":0,"name":"Shaded","section":"Shading Mode"},"sceneLighting":false,"audioPlay":false,"sceneViewState":{"showFog":true,"showMaterialUpdate":false,"showSkybox":true,"showFlares":true,"showImageEffects":true,"showParticleSystems":true},"in2DMode":false,"pivot":{"x":-0.4999951720237732,"y":0.0,"z":-1.5399998426437379},"rotation":{"x":-0.0027826835867017509,"y":-0.3732396960258484,"z":-0.0011213321704417468,"w":0.927730143070221},"size":1.9839800596237183,"orthographic":true}