{"cameraMode":{"drawMode":0,"name":"Shaded","section":"Shading Mode"},"sceneLighting":true,"audioPlay":false,"sceneViewState":{"showFog":true,"showMaterialUpdate":false,"showSkybox":true,"showFlares":true,"showImageEffects":true,"showParticleSystems":true},"in2DMode":false,"pivot":{"x":0.6999984979629517,"y":0.0,"z":0.12000250071287155},"rotation":{"x":0.26638543605804446,"y":-0.24388745427131654,"z":0.06986409425735474,"w":0.9298799633979797},"size":16.718156814575197,"orthographic":true}