{"cameraMode":{"drawMode":0,"name":"Shaded","section":"Shading Mode"},"sceneLighting":false,"audioPlay":false,"sceneViewState":{"showFog":true,"showMaterialUpdate":false,"showSkybox":true,"showFlares":true,"showImageEffects":true,"showParticleSystems":true},"in2DMode":false,"pivot":{"x":-3.1290090084075929,"y":-1.0774625539779664,"z":4.147940635681152},"rotation":{"x":0.09908940643072128,"y":-0.15605846047401429,"z":0.01573575660586357,"w":0.9826390743255615},"size":8.090025901794434,"orthographic":false}